{"cameraMode":{"drawMode":0,"name":"Shaded","section":"Shading Mode"},"sceneLighting":true,"audioPlay":false,"sceneViewState":{"showFog":true,"showMaterialUpdate":false,"showSkybox":true,"showFlares":true,"showImageEffects":true,"showParticleSystems":true},"in2DMode":false,"pivot":{"x":351.5953063964844,"y":218.03001403808595,"z":-7.010000228881836},"rotation":{"x":0.0464831106364727,"y":0.0008974283118732274,"z":-0.000041834711737465113,"w":0.9989159107208252},"size":155.4775390625,"orthographic":true}